"0","# -------------------------------"
"0","# 1. Cr√©er le champ ""ch"" (2 occasions)"
"0","# -------------------------------"
"0",""
"0","phenologie_S2_S3 <- phenologie_transi_tot %>%"
"0","  dplyr::select(ID_ind, phenoS2, phenoS3) %>%"
"0","  filter(phenoS2 != 0 & phenoS3 != 0) %>%   # individus pr√©sents aux deux sessions"
"0","  mutate(ch = paste0(phenoS2, phenoS3))"
"0",""
"0","# V√©rification"
"0","stopifnot(all(nchar(phenologie_S2_S3$ch) == 2))"
"0",""
"0","# -------------------------------"
"0","# 2. Pr√©parer les donn√©es pour RMark"
"0","# -------------------------------"
"0",""
"0","ms_data <- process.data("
"0","  phenologie_S2_S3,"
"0","  model = ""Multistrata"","
"0","  strata.labels = c(""1"",""2"",""3"",""4"",""5"")"
"0",")"
"0",""
"0","ms_ddl <- make.design.data(ms_data)"
"0",""
"0","# -------------------------------"
"0","# 3. Contraintes biologiques sur Psi"
"0","# -------------------------------"
"0",""
"0","# interdiction totale par d√©faut"
"0","ms_ddl$Psi$fix <- 0"
"0",""
"0","# j (1)"
"0","ms_ddl$Psi$fix["
"0","  ms_ddl$Psi$stratum == ""1"" &"
"0","  ms_ddl$Psi$tostratum %in% c(""1"",""2"",""3"",""4"",""5"")"
"0","] <- NA"
"0",""
"0","# nf (2)"
"0","ms_ddl$Psi$fix["
"0","  ms_ddl$Psi$stratum == ""2"" &"
"0","  ms_ddl$Psi$tostratum %in% c(""2"",""3"",""4"",""5"")"
"0","] <- NA"
"0",""
"0","# f (3)"
"0","ms_ddl$Psi$fix["
"0","  ms_ddl$Psi$stratum == ""3"" &"
"0","  ms_ddl$Psi$tostratum %in% c(""3"",""4"",""5"")"
"0","] <- NA"
"0",""
"0","# ff (4)"
"0","ms_ddl$Psi$fix["
"0","  ms_ddl$Psi$stratum == ""4"" &"
"0","  ms_ddl$Psi$tostratum %in% c(""4"",""5"")"
"0","] <- NA"
"0",""
"0","# F (5) : terminal"
"0","# tout reste √† 0"
"0",""
"0","# -------------------------------"
"0","# 4. Mod√®le multistrate (1 transition)"
"0","# -------------------------------"
"0",""
"0","ms_model <- mark("
"0","  data = ms_data,"
"0","  ddl  = ms_ddl,"
"0","  model.parameters = list("
"0","    S   = list(formula = ~1, fixed = 1),"
"0","    Psi = list(formula = ~ stratum:tostratum),"
"0","    p   = list(formula = ~1, fixed = 1)"
"0","  )"
"0",")"
"1","  The file is mark128.inp on unit 4.
"
"1"," Welcome to MARK SCD-UM on machine DESKTOP-LNMOLR6 in subdirectory
"
"1","   ""C:\Users\SCD-UM\Desktop\cypripedium\Elian_cypripedium"" running file ""mark128.inp"".
"
"1"," [36mINPUT --- [0m proc title ;
"
"1","
"
"1"," For procedure title CPU Time was 0.016 secs and System Time was 0.001 secs.
"
"1"," [36mINPUT --- [0m proc chmatrix occasions= 2 groups= 1 etype= Multistrata 
"
"1"," [36mINPUT --- [0m Nodes= 101 strata=5 ICMeans  NoHist hist= 9 ;
"
"1"," [36mINPUT ---    [0m time interval 1 ;
"
"1"," [36mINPUT ---    [0m  strata=1 2 3 4 5;
"
"1"," [36mINPUT ---    [0m glabel(1)=Group 1;
"
"1","   Number of unique encounter histories read was 9.
"
"1","   Number of individual covariates read was 0.
"
"1","   Time interval lengths are all equal to 1.
"
"1","
"
"1"," For procedure chmatrix CPU Time was 0.001 secs and System Time was 0.001 secs.
"
"1"," [36mINPUT --- [0m proc estimate link=Parm-Specific NOLOOP varest=2ndPart    ;
"
"1"," [36mINPUT --- [0m model={ S(~1)p(~1)Psi(~stratum:tostratum) };
"
"1"," [36mINPUT ---    [0m fixed=2;
"
"1"," [36mINPUT ---       [0m  parm(1)=1 ;
"
"1"," [36mINPUT ---       [0m  parm(2)=0 ;
"
"1"," [36mINPUT ---    [0m group=1 S 1:Stratum1   rows=1 cols=1 Triang ;
"
"1"," [36mINPUT ---       [0m  1 ;
"
"1"," [36mINPUT ---    [0m group=1 S 2:Stratum2   rows=1 cols=1 Triang ;
"
"1"," [36mINPUT ---       [0m  1 ;
"
"1"," [36mINPUT ---    [0m group=1 S 3:Stratum3   rows=1 cols=1 Triang ;
"
"1"," [36mINPUT ---       [0m  1 ;
"
"1"," [36mINPUT ---    [0m group=1 S 4:Stratum4   rows=1 cols=1 Triang ;
"
"1"," [36mINPUT ---       [0m  1 ;
"
"1"," [36mINPUT ---    [0m group=1 S 5:Stratum5   rows=1 cols=1 Triang ;
"
"1"," [36mINPUT ---       [0m  1 ;
"
"1"," [36mINPUT ---    [0m group=1 p 1:Stratum1   rows=1 cols=1 Triang ;
"
"1"," [36mINPUT ---       [0m  1 ;
"
"1"," [36mINPUT ---    [0m group=1 p 2:Stratum2   rows=1 cols=1 Triang ;
"
"1"," [36mINPUT ---       [0m  1 ;
"
"1"," [36mINPUT ---    [0m group=1 p 3:Stratum3   rows=1 cols=1 Triang ;
"
"1"," [36mINPUT ---       [0m  1 ;
"
"1"," [36mINPUT ---    [0m group=1 p 4:Stratum4   rows=1 cols=1 Triang ;
"
"1"," [36mINPUT ---       [0m  1 ;
"
"1"," [36mINPUT ---    [0m group=1 p 5:Stratum5   rows=1 cols=1 Triang ;
"
"1"," [36mINPUT ---       [0m  1 ;
"
"1"," [36mINPUT ---    [0m group=1 Psi 1 to 2   rows=1 cols=1 Triang ;
"
"1"," [36mINPUT ---       [0m  3 ;
"
"1"," [36mINPUT ---    [0m group=1 Psi 1 to 3   rows=1 cols=1 Triang ;
"
"1"," [36mINPUT ---       [0m  4 ;
"
"1"," [36mINPUT ---    [0m group=1 Psi 1 to 4   rows=1 cols=1 Triang ;
"
"1"," [36mINPUT ---       [0m  5 ;
"
"1"," [36mINPUT ---    [0m group=1 Psi 1 to 5   rows=1 cols=1 Triang ;
"
"1"," [36mINPUT ---       [0m  6 ;
"
"1"," [36mINPUT ---    [0m group=1 Psi 2 to 1   rows=1 cols=1 Triang ;
"
"1"," [36mINPUT ---       [0m  2 ;
"
"1"," [36mINPUT ---    [0m group=1 Psi 2 to 3   rows=1 cols=1 Triang ;
"
"1"," [36mINPUT ---       [0m  7 ;
"
"1"," [36mINPUT ---    [0m group=1 Psi 2 to 4   rows=1 cols=1 Triang ;
"
"1"," [36mINPUT ---       [0m  8 ;
"
"1"," [36mINPUT ---    [0m group=1 Psi 2 to 5   rows=1 cols=1 Triang ;
"
"1"," [36mINPUT ---       [0m  9 ;
"
"1"," [36mINPUT ---    [0m group=1 Psi 3 to 1   rows=1 cols=1 Triang ;
"
"1"," [36mINPUT ---       [0m  2 ;
"
"1"," [36mINPUT ---    [0m group=1 Psi 3 to 2   rows=1 cols=1 Triang ;
"
"1"," [36mINPUT ---       [0m  2 ;
"
"1"," [36mINPUT ---    [0m group=1 Psi 3 to 4   rows=1 cols=1 Triang ;
"
"1"," [36mINPUT ---       [0m  10 ;
"
"1"," [36mINPUT ---    [0m group=1 Psi 3 to 5   rows=1 cols=1 Triang ;
"
"1"," [36mINPUT ---       [0m  11 ;
"
"1"," [36mINPUT ---    [0m group=1 Psi 4 to 1   rows=1 cols=1 Triang ;
"
"1"," [36mINPUT ---       [0m  2 ;
"
"1"," [36mINPUT ---    [0m group=1 Psi 4 to 2   rows=1 cols=1 Triang ;
"
"1"," [36mINPUT ---       [0m  2 ;
"
"1"," [36mINPUT ---    [0m group=1 Psi 4 to 3   rows=1 cols=1 Triang ;
"
"1"," [36mINPUT ---       [0m  2 ;
"
"1"," [36mINPUT ---    [0m group=1 Psi 4 to 5   rows=1 cols=1 Triang ;
"
"1"," [36mINPUT ---       [0m  12 ;
"
"1"," [36mINPUT ---    [0m group=1 Psi 5 to 1   rows=1 cols=1 Triang ;
"
"1"," [36mINPUT ---       [0m  2 ;
"
"1"," [36mINPUT ---    [0m group=1 Psi 5 to 2   rows=1 cols=1 Triang ;
"
"1"," [36mINPUT ---       [0m  2 ;
"
"1"," [36mINPUT ---    [0m group=1 Psi 5 to 3   rows=1 cols=1 Triang ;
"
"1"," [36mINPUT ---       [0m  2 ;
"
"1"," [36mINPUT ---    [0m group=1 Psi 5 to 4   rows=1 cols=1 Triang ;
"
"1"," [36mINPUT ---       [0m  2 ;
"
"1"," [36mINPUT ---    [0m design matrix constraints=12 covariates=11;
"
"1"," [36mINPUT ---       [0m  0 0 0 0 0 0 0 0 0 0 0;
"
"1"," [36mINPUT ---       [0m  0 0 0 0 0 0 0 0 0 0 0;
"
"1"," [36mINPUT ---       [0m  1 1 0 0 0 0 0 0 0 0 0;
"
"1"," [36mINPUT ---       [0m  1 0 1 0 0 0 0 0 0 0 0;
"
"1"," [36mINPUT ---       [0m  1 0 0 0 1 0 0 0 0 0 0;
"
"1"," [36mINPUT ---       [0m  1 0 0 0 0 0 0 1 0 0 0;
"
"1"," [36mINPUT ---       [0m  1 0 0 1 0 0 0 0 0 0 0;
"
"1"," [36mINPUT ---       [0m  1 0 0 0 0 1 0 0 0 0 0;
"
"1"," [36mINPUT ---       [0m  1 0 0 0 0 0 0 0 1 0 0;
"
"1"," [36mINPUT ---       [0m  1 0 0 0 0 0 1 0 0 0 0;
"
"1"," [36mINPUT ---       [0m  1 0 0 0 0 0 0 0 0 1 0;
"
"1"," [36mINPUT ---       [0m  1 0 0 0 0 0 0 0 0 0 1;
"
"1"," [36mINPUT ---    [0m links=12;
"
"1"," [36mINPUT ---       [0m Logit;
"
"1"," [36mINPUT ---       [0m Logit;
"
"1"," [36mINPUT ---       [0m mlogit(1);
"
"1"," [36mINPUT ---       [0m mlogit(1);
"
"1"," [36mINPUT ---       [0m mlogit(1);
"
"1"," [36mINPUT ---       [0m mlogit(1);
"
"1"," [36mINPUT ---       [0m mlogit(2);
"
"1"," [36mINPUT ---       [0m mlogit(2);
"
"1"," [36mINPUT ---       [0m mlogit(2);
"
"1"," [36mINPUT ---       [0m mlogit(3);
"
"1"," [36mINPUT ---       [0m mlogit(3);
"
"1"," [36mINPUT ---       [0m mlogit(4);
"
"1"," [36mINPUT ---       [0m blabel(1)=Psi:(Intercept);
"
"1"," [36mINPUT ---       [0m blabel(2)=Psi:stratum1:tostratum2;
"
"1"," [36mINPUT ---       [0m blabel(3)=Psi:stratum1:tostratum3;
"
"1"," [36mINPUT ---       [0m blabel(4)=Psi:stratum2:tostratum3;
"
"1"," [36mINPUT ---       [0m blabel(5)=Psi:stratum1:tostratum4;
"
"1"," [36mINPUT ---       [0m blabel(6)=Psi:stratum2:tostratum4;
"
"1"," [36mINPUT ---       [0m blabel(7)=Psi:stratum3:tostratum4;
"
"1"," [36mINPUT ---       [0m blabel(8)=Psi:stratum1:tostratum5;
"
"1"," [36mINPUT ---       [0m blabel(9)=Psi:stratum2:tostratum5;
"
"1"," [36mINPUT ---       [0m blabel(10)=Psi:stratum3:tostratum5;
"
"1"," [36mINPUT ---       [0m blabel(11)=Psi:stratum4:tostratum5;
"
"1"," [36mINPUT ---       [0m rlabel(1)=S s1 g1 c1 a0 o1 t1;
"
"1"," [36mINPUT ---       [0m rlabel(2)=Psi s2 to1 g1 c1 a0 o1 t1;
"
"1"," [36mINPUT ---       [0m rlabel(3)=Psi s1 to2 g1 c1 a0 o1 t1;
"
"1"," [36mINPUT ---       [0m rlabel(4)=Psi s1 to3 g1 c1 a0 o1 t1;
"
"1"," [36mINPUT ---       [0m rlabel(5)=Psi s1 to4 g1 c1 a0 o1 t1;
"
"1"," [36mINPUT ---       [0m rlabel(6)=Psi s1 to5 g1 c1 a0 o1 t1;
"
"1"," [36mINPUT ---       [0m rlabel(7)=Psi s2 to3 g1 c1 a0 o1 t1;
"
"1"," [36mINPUT ---       [0m rlabel(8)=Psi s2 to4 g1 c1 a0 o1 t1;
"
"1"," [36mINPUT ---       [0m rlabel(9)=Psi s2 to5 g1 c1 a0 o1 t1;
"
"1"," [36mINPUT ---       [0m rlabel(10)=Psi s3 to4 g1 c1 a0 o1 t1;
"
"1"," [36mINPUT ---       [0m rlabel(11)=Psi s3 to5 g1 c1 a0 o1 t1;
"
"1"," [36mINPUT ---       [0m rlabel(12)=Psi s4 to5 g1 c1 a0 o1 t1;
"
"1","   Link Function Used is PARM-SPECIFIC
"
"1","   Variance Estimation Procedure Used is 2ndPart 
"
"1","   -2logL(saturated) = 342.81501     
"
"1"," Effective Sample Size = 396
"
"1","[36m{ S(~1)p(~1)Psi(~stratum:tostratum) } Iteration 0 -2logL: 20928.384[0m  [36m{ S(~1)p(~1)Psi(~stratum:tostratum) } Iteration 1 -2logL: 20571.064[0m  [36m{ S(~1)p(~1)Psi(~stratum:tostratum) } Iteration 2 -2logL: 20456.445[0m  [36m{ S(~1)p(~1)Psi(~stratum:tostratum) } Iteration 3 -2logL: 20279.546[0m  [36m{ S(~1)p(~1)Psi(~stratum:tostratum) } Iteration 4 -2logL: 20231.999[0m  [36m{ S(~1)p(~1)Psi(~stratum:tostratum) } Iteration 5 -2logL: 20197.777[0m  [36m{ S(~1)p(~1)Psi(~stratum:tostratum) } Iteration 6 -2logL: 20159.130[0m  [36m{ S(~1)p(~1)Psi(~stratum:tostratum) } Iteration 7 -2logL: 20152.287[0m  [36m{ S(~1)p(~1)Psi(~stratum:tostratum) } Iteration 8 -2logL: 20088.057[0m  [36m{ S(~1)p(~1)Psi(~stratum:tostratum) } Iteration 9 -2logL: 20080.229[0m  [36m{ S(~1)p(~1)Psi(~stratum:tostratum) } Iteration 10 -2logL: 20078.051[0m  [36m{ S(~1)p(~1)Psi(~stratum:tostratum) } Iteration 11 -2logL: 20075.228[0m  [36m{ S(~1)p(~1)Psi(~stratum:tostratum) } Iteration 12 -2logL: 20074.469[0m  [36m{ S(~1)p(~1)Psi(~stratum:tostratum) } Iteration 13 -2logL: 20074.016[0m  [36m{ S(~1)p(~1)Psi(~stratum:tostratum) } Iteration 14 -2logL: 20073.486[0m  [36m{ S(~1)p(~1)Psi(~stratum:tostratum) } Iteration 15 -2logL: 20072.680[0m  [36m{ S(~1)p(~1)Psi(~stratum:tostratum) } Iteration 16 -2logL: 20071.945[0m  [36m{ S(~1)p(~1)Psi(~stratum:tostratum) } Iteration 17 -2logL: 20071.678[0m  [36m{ S(~1)p(~1)Psi(~stratum:tostratum) } Iteration 18 -2logL: 20071.590[0m  [36m{ S(~1)p(~1)Psi(~stratum:tostratum) } Iteration 19 -2logL: 20071.538[0m  [36m{ S(~1)p(~1)Psi(~stratum:tostratum) } Iteration 20 -2logL: 20071.507[0m  [36m{ S(~1)p(~1)Psi(~stratum:tostratum) } Iteration 21 -2logL: 20071.478[0m  [36m{ S(~1)p(~1)Psi(~stratum:tostratum) } Iteration 22 -2logL: 20071.452[0m  [36m{ S(~1)p(~1)Psi(~stratum:tostratum) } Iteration 23 -2logL: 20071.438[0m  [36m{ S(~1)p(~1)Psi(~stratum:tostratum) } Iteration 24 -2logL: 20071.432[0m  [36m{ S(~1)p(~1)Psi(~stratum:tostratum) } Iteration 25 -2logL: 20071.429[0m  [36m{ S(~1)p(~1)Psi(~stratum:tostratum) } Iteration 26 -2logL: 20071.427[0m  [36m{ S(~1)p(~1)Psi(~stratum:tostratum) } Iteration 27 -2logL: 20071.426[0m  [36m{ S(~1)p(~1)Psi(~stratum:tostratum) } Iteration 28 -2logL: 20071.426[0m  [36m{ S(~1)p(~1)Psi(~stratum:tostratum) } Iteration 29 -2logL: 20071.425[0m  [36m{ S(~1)p(~1)Psi(~stratum:tostratum) } Iteration 30 -2logL: 20071.425[0m  [36m{ S(~1)p(~1)Psi(~stratum:tostratum) } Iteration 31 -2logL: 20071.425[0m  [36m{ S(~1)p(~1)Psi(~stratum:tostratum) } Iteration 32 -2logL: 20071.425[0m  [36m{ S(~1)p(~1)Psi(~stratum:tostratum) } Iteration 33 -2logL: 20071.425[0m  [36m{ S(~1)p(~1)Psi(~stratum:tostratum) } Iteration 34 -2logL: 20071.425[0m  
"
"1"," For numerical optimization, CPU Time was 0.109 secs and System Time was 0.141 secs.
"
"1","   -2logL { S(~1)p(~1)Psi(~stratum:tostratum) } = 20071.425     
"
"1","   Penalty { S(~1)p(~1)Psi(~stratum:tostratum) } = 0.0000000     
"
"1","   Gradient { S(~1)p(~1)Psi(~stratum:tostratum) }:
"
"1"," -3.21944E-03 -2.96928E-03   0.0000       0.0000       0.0000    
"
"1","  2.81266E-04  2.83450E-04   0.0000     -5.27152E-04 -2.82037E-04
"
"1","   0.0000    
"
"1","[36m{ S(~1)p(~1)Psi(~stratum:tostratum) } VC Matrix: 2% done.[0m  [36m{ S(~1)p(~1)Psi(~stratum:tostratum) } VC Matrix: 4% done.[0m  [36m{ S(~1)p(~1)Psi(~stratum:tostratum) } VC Matrix: 5% done.[0m  [36m{ S(~1)p(~1)Psi(~stratum:tostratum) } VC Matrix: 7% done.[0m  [36m{ S(~1)p(~1)Psi(~stratum:tostratum) } VC Matrix: 9% done.[0m  [36m{ S(~1)p(~1)Psi(~stratum:tostratum) } VC Matrix: 11% done.[0m  [36m{ S(~1)p(~1)Psi(~stratum:tostratum) } VC Matrix: 13% done.[0m  [36m{ S(~1)p(~1)Psi(~stratum:tostratum) } VC Matrix: 15% done.[0m  [36m{ S(~1)p(~1)Psi(~stratum:tostratum) } VC Matrix: 16% done.[0m  [36m{ S(~1)p(~1)Psi(~stratum:tostratum) } VC Matrix: 18% done.[0m  [36m{ S(~1)p(~1)Psi(~stratum:tostratum) } VC Matrix: 20% done.[0m  [36m{ S(~1)p(~1)Psi(~stratum:tostratum) } VC Matrix: 22% done.[0m  [36m{ S(~1)p(~1)Psi(~stratum:tostratum) } VC Matrix: 24% done.[0m  [36m{ S(~1)p(~1)Psi(~stratum:tostratum) } VC Matrix: 25% done.[0m  [36m{ S(~1)p(~1)Psi(~stratum:tostratum) } VC Matrix: 27% done.[0m  [36m{ S(~1)p(~1)Psi(~stratum:tostratum) } VC Matrix: 29% done.[0m  [36m{ S(~1)p(~1)Psi(~stratum:tostratum) } VC Matrix: 31% done.[0m  [36m{ S(~1)p(~1)Psi(~stratum:tostratum) } VC Matrix: 33% done.[0m  [36m{ S(~1)p(~1)Psi(~stratum:tostratum) } VC Matrix: 35% done.[0m  [36m{ S(~1)p(~1)Psi(~stratum:tostratum) } VC Matrix: 36% done.[0m  [36m{ S(~1)p(~1)Psi(~stratum:tostratum) } VC Matrix: 38% done.[0m  [36m{ S(~1)p(~1)Psi(~stratum:tostratum) } VC Matrix: 40% done.[0m  [36m{ S(~1)p(~1)Psi(~stratum:tostratum) } VC Matrix: 42% done.[0m  [36m{ S(~1)p(~1)Psi(~stratum:tostratum) } VC Matrix: 44% done.[0m  [36m{ S(~1)p(~1)Psi(~stratum:tostratum) } VC Matrix: 45% done.[0m  [36m{ S(~1)p(~1)Psi(~stratum:tostratum) } VC Matrix: 47% done.[0m  [36m{ S(~1)p(~1)Psi(~stratum:tostratum) } VC Matrix: 49% done.[0m  [36m{ S(~1)p(~1)Psi(~stratum:tostratum) } VC Matrix: 51% done.[0m  [36m{ S(~1)p(~1)Psi(~stratum:tostratum) } VC Matrix: 53% done.[0m  [36m{ S(~1)p(~1)Psi(~stratum:tostratum) } VC Matrix: 55% done.[0m  [36m{ S(~1)p(~1)Psi(~stratum:tostratum) } VC Matrix: 56% done.[0m  [36m{ S(~1)p(~1)Psi(~stratum:tostratum) } VC Matrix: 58% done.[0m  [36m{ S(~1)p(~1)Psi(~stratum:tostratum) } VC Matrix: 60% done.[0m  [36m{ S(~1)p(~1)Psi(~stratum:tostratum) } VC Matrix: 62% done.[0m  [36m{ S(~1)p(~1)Psi(~stratum:tostratum) } VC Matrix: 64% done.[0m  [36m{ S(~1)p(~1)Psi(~stratum:tostratum) } VC Matrix: 65% done.[0m  [36m{ S(~1)p(~1)Psi(~stratum:tostratum) } VC Matrix: 67% done.[0m  [36m{ S(~1)p(~1)Psi(~stratum:tostratum) } VC Matrix: 69% done.[0m  [36m{ S(~1)p(~1)Psi(~stratum:tostratum) } VC Matrix: 71% done.[0m  [36m{ S(~1)p(~1)Psi(~stratum:tostratum) } VC Matrix: 73% done.[0m  [36m{ S(~1)p(~1)Psi(~stratum:tostratum) } VC Matrix: 75% done.[0m  [36m{ S(~1)p(~1)Psi(~stratum:tostratum) } VC Matrix: 76% done.[0m  [36m{ S(~1)p(~1)Psi(~stratum:tostratum) } VC Matrix: 78% done.[0m  [36m{ S(~1)p(~1)Psi(~stratum:tostratum) } VC Matrix: 80% done.[0m  [36m{ S(~1)p(~1)Psi(~stratum:tostratum) } VC Matrix: 82% done.[0m  [36m{ S(~1)p(~1)Psi(~stratum:tostratum) } VC Matrix: 84% done.[0m  [36m{ S(~1)p(~1)Psi(~stratum:tostratum) } VC Matrix: 85% done.[0m  [36m{ S(~1)p(~1)Psi(~stratum:tostratum) } VC Matrix: 87% done.[0m  [36m{ S(~1)p(~1)Psi(~stratum:tostratum) } VC Matrix: 89% done.[0m  [36m{ S(~1)p(~1)Psi(~stratum:tostratum) } VC Matrix: 91% done.[0m  [36m{ S(~1)p(~1)Psi(~stratum:tostratum) } VC Matrix: 93% done.[0m  [36m{ S(~1)p(~1)Psi(~stratum:tostratum) } VC Matrix: 95% done.[0m  [36m{ S(~1)p(~1)Psi(~stratum:tostratum) } VC Matrix: 96% done.[0m  [36m{ S(~1)p(~1)Psi(~stratum:tostratum) } VC Matrix: 98% done.[0m  [36m{ S(~1)p(~1)Psi(~stratum:tostratum) } VC Matrix: 100% done.[0m  
"
"1"," To compute VC matrix, CPU Time was 0.094 secs and System Time was 0.031 secs.
"
"1"," To invert VC matrix, CPU Time was 0.001 secs and System Time was 0.001 secs.
"
"1"," Gap Method for Num. of Estimated Parameters { S(~1)p(~1)Psi(~stratum:tostratum) } = 4          
"
"1"," Numerical Threshold Method for Num. of Estimated Parameters { S(~1)p(~1)Psi(~stratum:tostratum) } = 4          
"
"1"," Number of Estimated Parameters { S(~1)p(~1)Psi(~stratum:tostratum) } = 4          
"
"1","   DEVIANCE { S(~1)p(~1)Psi(~stratum:tostratum) } = 19728.610               
"
"1"," DEVIANCE Degrees of Freedom { S(~1)p(~1)Psi(~stratum:tostratum) } = 1          
"
"1","   c-hat { S(~1)p(~1)Psi(~stratum:tostratum) } = 19728.610     
"
"1","   AIC { S(~1)p(~1)Psi(~stratum:tostratum) } = 20079.425     
"
"1","   AICc { S(~1)p(~1)Psi(~stratum:tostratum) } = 20079.527     
"
"1","   BIC { S(~1)p(~1)Psi(~stratum:tostratum) } = 20095.351     
"
"1","   Pearson Chisquare { S(~1)p(~1)Psi(~stratum:tostratum) } = 0.8235371     
"
"1","   Possible Encounter Histories { S(~1)p(~1)Psi(~stratum:tostratum) } = 24          
"
"1","   Pearson Chisquare df { S(~1)p(~1)Psi(~stratum:tostratum) } = 16          
"
"1","   Pearson chat { S(~1)p(~1)Psi(~stratum:tostratum) } = 0.0514711     
"
"1","   Sum(Observed/Expected) { S(~1)p(~1)Psi(~stratum:tostratum) } = 7.8236786     
"
"1","   s-bar { S(~1)p(~1)Psi(~stratum:tostratum) } = -0.8088161    
"
"1","   Fletcher chat { S(~1)p(~1)Psi(~stratum:tostratum) } = 0.2692228     
"
"1","
"
"1"," To compute parameter estimates, CPU Time was 0.016 secs and System Time was 0.016 secs.
"
"1"," Beta number 11 is a singular value.
"
"1","
"
"1"," For procedure estimate CPU Time was 0.234 secs and System Time was 0.844 secs.
"
"1"," [36mINPUT --- [0m proc stop;
"
"1","
"
"1"," For this job, CPU Time in mins was 0.005 and System Time in mins was 0.015.
"
"1","
"
"1","     Time Start = 21:41:02.962   Time End = 21:41:03.852
"
"1","
"
"1"," Wall Clock Time in mins for this job was 0.014.
"
"1","
"
"1"," Maximum of 22 words used.
"
"1","STOP NORMAL EXIT
"
"1","
"
"1","Output summary for Multistrata model
"
"1","Name :"
"1"," "
"1","S(~1)p(~1)Psi(~stratum:tostratum)"
"1"," "
"1","
"
"1","
Npar : "
"1"," "
"1","11"
"1"," "
"1"," (unadjusted=4)"
"1","
-2lnL: "
"1"," "
"1","20071.42"
"1","
AICc : "
"1"," "
"1","20094.11"
"1"," "
"1"," (unadjusted=20079.527)"
"1","

Beta
"
"1","                       "
"1","   estimate"
"1","       se"
"1","          lcl"
"1","
Psi:(Intercept)        "
"1","  -5.749151"
"1","   0.0000"
"1","    -5.749151"
"1","
Psi:stratum1:tostratum2"
"1","   3.604442"
"1","   0.0000"
"1","     3.604442"
"1","
Psi:stratum1:tostratum3"
"1"," -12.144511"
"1"," 669.9243"
"1"," -1325.196100"
"1","
Psi:stratum2:tostratum3"
"1"," -12.885052"
"1"," 619.8434"
"1"," -1227.778100"
"1","
Psi:stratum1:tostratum4"
"1"," -12.144511"
"1"," 669.9243"
"1"," -1325.196100"
"1","
Psi:stratum2:tostratum4"
"1","   2.472024"
"1","   0.0000"
"1","     2.472024"
"1","
Psi:stratum3:tostratum4"
"1","  23.978191"
"1"," 200.0035"
"1","  -368.028730"
"1","
Psi:stratum1:tostratum5"
"1"," -12.144511"
"1"," 669.9243"
"1"," -1325.196100"
"1","
Psi:stratum2:tostratum5"
"1","   1.778787"
"1","   0.0000"
"1","     1.778787"
"1","
Psi:stratum3:tostratum5"
"1","  24.103336"
"1"," 200.0035"
"1","  -367.903580"
"1","
Psi:stratum4:tostratum5"
"1"," -12.352066"
"1"," 868.0310"
"1"," -1713.692900"
"1","
"
"1","                       "
"1","         ucl"
"1","
Psi:(Intercept)        "
"1","   -5.749151"
"1","
Psi:stratum1:tostratum2"
"1","    3.604442"
"1","
Psi:stratum1:tostratum3"
"1"," 1300.907100"
"1","
Psi:stratum2:tostratum3"
"1"," 1202.008000"
"1","
Psi:stratum1:tostratum4"
"1"," 1300.907100"
"1","
Psi:stratum2:tostratum4"
"1","    2.472024"
"1","
Psi:stratum3:tostratum4"
"1","  415.985110"
"1","
Psi:stratum1:tostratum5"
"1"," 1300.907100"
"1","
Psi:stratum2:tostratum5"
"1","    1.778787"
"1","
Psi:stratum3:tostratum5"
"1","  416.110260"
"1","
Psi:stratum4:tostratum5"
"1"," 1688.988800"
"1","
"
"1","

Real Parameter"
"1"," "
"1","S"
"1","
"
"1"," Stratum:1"
"1"," "
"1","
"
"1"," "
"1"," 1"
"1","
1"
"1","  "
"1","
"
"1","
"
"1"," Stratum:2"
"1"," "
"1","
"
"1"," "
"1"," 1"
"1","
1"
"1","  "
"1","
"
"1","
"
"1"," Stratum:3"
"1"," "
"1","
"
"1"," "
"1"," 1"
"1","
1"
"1","  "
"1","
"
"1","
"
"1"," Stratum:4"
"1"," "
"1","
"
"1"," "
"1"," 1"
"1","
1"
"1","  "
"1","
"
"1","
"
"1"," Stratum:5"
"1"," "
"1","
"
"1"," "
"1"," 1"
"1","
1"
"1","  "
"1","
"
"1","

Real Parameter"
"1"," "
"1","p"
"1","
"
"1"," Stratum:1"
"1"," "
"1","
"
"1"," "
"1"," 2"
"1","
1"
"1","  "
"1","
"
"1","
"
"1"," Stratum:2"
"1"," "
"1","
"
"1"," "
"1"," 2"
"1","
1"
"1","  "
"1","
"
"1","
"
"1"," Stratum:3"
"1"," "
"1","
"
"1"," "
"1"," 2"
"1","
1"
"1","  "
"1","
"
"1","
"
"1"," Stratum:4"
"1"," "
"1","
"
"1"," "
"1"," 2"
"1","
1"
"1","  "
"1","
"
"1","
"
"1"," Stratum:5"
"1"," "
"1","
"
"1"," "
"1"," 2"
"1","
1"
"1","  "
"1","
"
"1","

Real Parameter"
"1"," "
"1","Psi"
"1","
"
"1"," Stratum:1 To:2"
"1"," "
"1","
"
"1"," "
"1","         1"
"1","
1"
"1"," 0.1048267"
"1","
"
"1","
"
"1"," Stratum:1 To:3"
"1"," "
"1","
"
"1"," "
"1","            1"
"1","
1"
"1"," 1.516312e-08"
"1","
"
"1","
"
"1"," Stratum:1 To:4"
"1"," "
"1","
"
"1"," "
"1","            1"
"1","
1"
"1"," 1.516312e-08"
"1","
"
"1","
"
"1"," Stratum:1 To:5"
"1"," "
"1","
"
"1"," "
"1","            1"
"1","
1"
"1"," 1.516312e-08"
"1","
"
"1","
"
"1"," Stratum:2 To:1"
"1"," "
"1","
"
"1"," "
"1"," 1"
"1","
1"
"1","  "
"1","
"
"1","
"
"1"," Stratum:2 To:3"
"1"," "
"1","
"
"1"," "
"1","            1"
"1","
1"
"1"," 7.644636e-09"
"1","
"
"1","
"
"1"," Stratum:2 To:4"
"1"," "
"1","
"
"1"," "
"1","         1"
"1","
1"
"1"," 0.0357149"
"1","
"
"1","
"
"1"," Stratum:2 To:5"
"1"," "
"1","
"
"1"," "
"1","         1"
"1","
1"
"1"," 0.0178559"
"1","
"
"1","
"
"1"," Stratum:3 To:1"
"1"," "
"1","
"
"1"," "
"1"," 1"
"1","
1"
"1","  "
"1","
"
"1","
"
"1"," Stratum:3 To:2"
"1"," "
"1","
"
"1"," "
"1"," 1"
"1","
1"
"1","  "
"1","
"
"1","
"
"1"," Stratum:3 To:4"
"1"," "
"1","
"
"1"," "
"1","         1"
"1","
1"
"1"," 0.4687544"
"1","
"
"1","
"
"1"," Stratum:3 To:5"
"1"," "
"1","
"
"1"," "
"1","         1"
"1","
1"
"1"," 0.5312456"
"1","
"
"1","
"
"1"," Stratum:4 To:1"
"1"," "
"1","
"
"1"," "
"1"," 1"
"1","
1"
"1","  "
"1","
"
"1","
"
"1"," Stratum:4 To:2"
"1"," "
"1","
"
"1"," "
"1"," 1"
"1","
1"
"1","  "
"1","
"
"1","
"
"1"," Stratum:4 To:3"
"1"," "
"1","
"
"1"," "
"1"," 1"
"1","
1"
"1","  "
"1","
"
"1","
"
"1"," Stratum:4 To:5"
"1"," "
"1","
"
"1"," "
"1","            1"
"1","
1"
"1"," 1.376389e-08"
"1","
"
"1","
"
"1"," Stratum:5 To:1"
"1"," "
"1","
"
"1"," "
"1"," 1"
"1","
1"
"1","  "
"1","
"
"1","
"
"1"," Stratum:5 To:2"
"1"," "
"1","
"
"1"," "
"1"," 1"
"1","
1"
"1","  "
"1","
"
"1","
"
"1"," Stratum:5 To:3"
"1"," "
"1","
"
"1"," "
"1"," 1"
"1","
1"
"1","  "
"1","
"
"1","
"
"1"," Stratum:5 To:4"
"1"," "
"1","
"
"1"," "
"1"," 1"
"1","
1"
"1","  "
"1","
"
"0","# -------------------------------"
"0","# 5. Extraction des r√©sultats MARK"
"0","# -------------------------------"
"0",""
"0","df <- ms_model$results$real %>%"
"0","  rownames_to_column(""full_name"") %>%"
"0","  separate("
"0","    full_name,"
"0","    into = c(""param"",""from"",""to"",""group"",""c"",""a"",""o"",""t""),"
"0","    sep = "" "","
"0","    fill = ""right"""
"0","  ) %>%"
"0","  filter(param == ""Psi"") %>%"
"0","  mutate("
"0","    from = str_extract(from, ""\\d+""),"
"0","    to   = str_extract(to, ""\\d+"")"
"0","  ) %>%"
"0","  filter(!is.na(from) & !is.na(to))"
"0",""
"0","# -------------------------------"
"0","# 6. Matrice de transition S1 ‚Üí S2"
"0","# -------------------------------"
"0",""
"0","states <- c(""1"",""2"",""3"",""4"",""5"")"
"0",""
"0","Psi_matrix <- matrix(0, nrow = 5, ncol = 5,"
"0","                     dimnames = list(states, states))"
"0",""
"0","for(i in 1:nrow(df)){"
"0","  Psi_matrix[df$from[i], df$to[i]] <- df$estimate[i]"
"0","}"
"0",""
"0","# Ajouter probabilit√© de rester dans le m√™me stade"
"0","diag(Psi_matrix) <- 1 - rowSums(Psi_matrix)"
"0",""
"0","# -------------------------------"
"0","# 7. Renommage des stades"
"0","# -------------------------------"
"0",""
"0","pheno_labels <- c("
"0","  ""1"" = ""j"","
"0","  ""2"" = ""nf"","
"0","  ""3"" = ""f"","
"0","  ""4"" = ""ff"","
"0","  ""5"" = ""F"""
"0",")"
"0",""
"0","dimnames(Psi_matrix) <- list(pheno_labels, pheno_labels)"
"0",""
"0","Psi_matrix"
"1","  "
"1","         j"
"1","        nf"
"1","            f"
"1","           ff"
"1","
j "
"1"," 0.8951733"
"1"," 0.1048267"
"1"," 1.516312e-08"
"1"," 1.516312e-08"
"1","
nf"
"1"," 0.0000000"
"1"," 0.9464292"
"1"," 7.644636e-09"
"1"," 3.571490e-02"
"1","
f "
"1"," 0.0000000"
"1"," 0.0000000"
"1"," 0.000000e+00"
"1"," 4.687544e-01"
"1","
ff"
"1"," 0.0000000"
"1"," 0.0000000"
"1"," 0.000000e+00"
"1"," 1.000000e+00"
"1","
F "
"1"," 0.0000000"
"1"," 0.0000000"
"1"," 0.000000e+00"
"1"," 0.000000e+00"
"1","
"
"1","  "
"1","            F"
"1","
j "
"1"," 1.516312e-08"
"1","
nf"
"1"," 1.785590e-02"
"1","
f "
"1"," 5.312456e-01"
"1","
ff"
"1"," 1.376389e-08"
"1","
F "
"1"," 1.000000e+00"
"1","
"
"0","states <- colnames(Psi_matrix)"
"0",""
"0","dot_code <- ""digraph pheno_S1_S2 {"
"0","  rankdir=LR;"
"0","  node [shape=circle, style=filled, color=lightblue];"
"0",""""
"0",""
"0","for(i in states){"
"0","  for(j in states){"
"0","    prob <- Psi_matrix[i,j]"
"0","    if(!is.na(prob) && prob >= 0.01){"
"0","      dot_code <- paste0("
"0","        dot_code,"
"0","        i, "" -> "", j,"
"0","        "" [label=\"""", round(prob, 2), ""\""];\n"""
"0","      )"
"0","    }"
"0","  }"
"0","}"
"0",""
"0","dot_code <- paste0(dot_code, ""}"")"
"0","grViz(dot_code)"
